24/7 live cam bear alaska	Ours Katmai 2	Alaska	USA	nature	🇺🇸	🐻	Les ours pêchent en direct.
live stream wolf den	Loups	Réserve	USA	nature	🇺🇸	🐺	La meute de loups.
live cam puffin iceland	Macareux	Islande	Islande	nature	🇮🇸	🐧	Les macareux islandais.
live cam bee hive	Ruche d'abeilles	—	USA	nature	🇺🇸	🐝	L'activité de la ruche.
live cam ants colony	Fourmilière	—	USA	nature	🇺🇸	🐜	Les fourmis au travail.
live cam squirrel feeder	Écureuils	Forêt	USA	nature	🇺🇸	🐿️	Les écureuils curieux.
live cam raccoon cam	Ratons laveurs	Amérique	USA	nature	🇺🇸	🦝	Les ratons nocturnes.
live cam fox wildlife	Renards	Forêt	Europe	europe	🦊	🦊	Les renards sauvages.
live cam horse ranch	Ranch de chevaux	Ferme	USA	nature	🇺🇸	🐎	Les chevaux en liberté.
live cam cow farm	Vaches de ferme	Ferme	USA	nature	🇺🇸	🐄	La vie à la ferme.
live cam sheep farm	Moutons	Campagne	Europe	europe	🇬🇧	🐑	Les moutons paissant.
live cam goats farm	Chèvres	Ferme	USA	nature	🇺🇸	🐐	Les chèvres curieuses.
live cam chicken coop	Poulailler	Ferme	USA	nature	🇺🇸	🐔	Les poules au poulailler.
live cam cats shelter	Refuge de chats	—	USA	nature	🇺🇸	🐈	Les chats en adoption.
live cam dog shelter	Refuge de chiens	—	USA	nature	🇺🇸	🐕	Les chiens en adoption.
live cam rabbit	Lapins	—	USA	nature	🇺🇸	🐰	Les lapins en liberté.
live cam hedgehog	Hérissons	Jardin	Europe	europe	🇬🇧	🦔	Les hérissons nocturnes.
live cam otter pond	Loutres	Étang	USA	nature	🇺🇸	🦦	Les loutres joueuses.
live cam flamingo	Flamants roses	Zoo	USA	nature	🇺🇸	🦩	Les flamants en groupe.
live cam toucan	Toucans	Amazonie	Brésil	nature	🇧🇷	🦜	Les toucans colorés.
live cam parrot	Perroquets	Jungle	Amérique	americas	🇧🇷	🦜	Les perroquets tropicaux.
live cam stork nest	Cigognes	Europe	Europe	europe	🇪🇺	🪶	Les cigognes au nid.
live cam heron	Hérons	Marais	USA	nature	🇺🇸	🦢	Les hérons pêcheurs.
live cam swan lake	Cygnes	Lac	Europe	europe	🇪🇺	🦢	Les cygnes élégants.
live cam duck pond	Canards	Étang	USA	nature	🇺🇸	🦆	Les canards à l'étang.
live cam salmon run	Saumons	Rivière	USA	nature	🇺🇸	🐟	La remontée des saumons.
live cam river	Rivière naturelle	—	USA	nature	🇺🇸	💧	Une rivière en direct.
live cam waterfall	Cascade	—	Monde	nature	🌍	💦	Une cascade en direct.
live cam forest	Forêt	—	Monde	nature	🌲	🌳	La forêt en direct.
live cam volcano	Volcan	—	Monde	nature	🌋	🌋	Un volcan en direct.
live cam etna sicily	Etna	Sicile	Italie	nature	🇮🇹	🌋	Le volcan sicilien.
live cam iceland volcano eruption	Volcan islandais	Islande	Islande	nature	🇮🇸	🌋	Éruption en direct.
live cam stromboli eruption	Stromboli	Sicile	Italie	nature	🇮🇹	🌋	Le Stromboli actif.
live cam campfire	Feu de camp	—	Monde	nature	🔥	🔥	Un feu de camp relaxant.
live cam fireplace	Cheminée	—	Monde	nature	🔥	🔥	Une cheminée en direct.
live cam beach maldives	Plage Maldives 2	Maldives	Maldives	asia	🇲🇻	🏝️	Les plages maldiviennes.
live cam beach bahamas	Bahamas	Bahamas	Bahamas	americas	🇧🇸	🏖️	Les plages des Bahamas.
live cam beach caribbean	Caraïbes	Caraïbes	Caraïbes	americas	🌴	🏝️	Les plages caribéennes.
live cam beach thailand	Plage thaï	Thaïlande	Thaïlande	asia	🇹🇭	🏖️	Les plages paradisiaques.
live cam beach greece	Plage grecque	Grèce	Grèce	europe	🇬🇷	🏖️	Les plages grecques.
live cam beach spain	Plage espagnole	Espagne	Espagne	europe	🇪🇸	🏖️	Les plages ibériques.
live cam beach portugal	Plage portugaise	Portugal	Portugal	europe	🇵🇹	🏖️	Les plages lusitaniennes.
live cam beach france	Plage française	France	France	europe	🇫🇷	🏖️	Les plages hexagonales.
live cam beach florida	Plage de Floride	Floride	USA	americas	🇺🇸	🏖️	Les plages floridiennes.
live cam beach california	Plage californienne	Californie	USA	americas	🇺🇸	🏖️	Les plages californiennes.
live cam beach new jersey	Jersey Shore	New Jersey	USA	americas	🇺🇸	🏖️	Les plages du Jersey Shore.
live cam beach north carolina	Outer Banks	Caroline du Nord	USA	americas	🇺🇸	🏖️	Les plages des Outer Banks.
live cam beach texas	Plage du Texas	Texas	USA	americas	🇺🇸	🏖️	Galveston et South Padre.
live cam beach japan	Plage japonaise	Japon	Japon	asia	🇯🇵	🏖️	Les plages japonaises.
live cam traffic highway	Autoroute	—	USA	americas	🇺🇸	🚗	Le trafic en direct.
live cam new york skyline	Skyline New York	New York	USA	americas	🇺🇸	🏙️	La vue sur Manhattan.
live cam manhattan street	Manhattan	New York	USA	americas	🇺🇸	🚕	Les rues de Manhattan.
live cam wall street	Wall Street	New York	USA	americas	🇺🇸	💰	Le quartier financier.
live cam 5th avenue	5e Avenue	New York	USA	americas	🇺🇸	🛍️	La célèbre avenue.
live cam brooklyn ny	Brooklyn	New York	USA	americas	🇺🇸	🌉	Le borough de Brooklyn.
live cam harlem	Harlem	New York	USA	americas	🇺🇸	🎷	Le quartier historique.
live cam chinatown ny	Chinatown NY	New York	USA	americas	🇺🇸	🐉	Le quartier chinois.
live cam little italy ny	Little Italy	New York	USA	americas	🇺🇸	🍝	Le quartier italien.
live cam portland oregon	Portland	Oregon	USA	americas	🇺🇸	🌲	La ville verte.
live cam minneapolis	Minneapolis	Minnesota	USA	americas	🇺🇸	🏙️	La ville des lacs.
live cam detroit	Detroit	Michigan	USA	americas	🇺🇸	🚗	Motor City.
live cam buffalo ny	Buffalo	New York	USA	americas	🇺🇸	❄️	La ville près des chutes.
live cam pittsburgh	Pittsburgh	Pennsylvanie	USA	americas	🇺🇸	🏗️	La ville de l'acier.
live cam kansas city	Kansas City	Missouri	USA	americas	🇺🇸	🎺	La ville du jazz.
live cam atlanta	Atlanta	Géorgie	USA	americas	🇺🇸	🍑	La capitale du Sud.
live cam tampa bay	Tampa Bay	Floride	USA	americas	🇺🇸	🏖️	La baie de Tampa.
live cam orlando	Orlando	Floride	USA	americas	🇺🇸	🎢	La capitale des parcs.
live cam naples florida	Naples Floride	Floride	USA	americas	🇺🇸	🌴	La côte ouest floridienne.
live cam fort lauderdale	Fort Lauderdale	Floride	USA	americas	🇺🇸	🛥️	La Venise d'Amérique.
live cam st augustine	Saint Augustine	Floride	USA	americas	🇺🇸	🏰	La plus vieille ville US.
live cam daytona beach	Daytona Beach	Floride	USA	americas	🇺🇸	🏁	La plage des courses.
live cam charleston sc	Charleston	Caroline du Sud	USA	americas	🇺🇸	🏛️	La perle du Sud.
live cam savannah	Savannah	Géorgie	USA	americas	🇺🇸	🌳	La ville historique.
live cam myrtle beach	Myrtle Beach	Caroline du Sud	USA	americas	🇺🇸	🏖️	La plage familiale.
live cam ocean city md	Ocean City	Maryland	USA	americas	🇺🇸	🎡	Le boardwalk de l'Est.
live cam cape cod	Cape Cod	Massachusetts	USA	americas	🇺🇸	⛵	La péninsule du Nord-Est.
live cam bar harbor	Bar Harbor	Maine	USA	americas	🇺🇸	🦞	La côte du Maine.
live cam niagara falls canada	Chutes du Niagara Canada	Ontario	Canada	americas	🇨🇦	💧	Côté canadien des chutes.
live cam calgary	Calgary	Alberta	Canada	americas	🇨🇦	🏔️	La ville des cow-boys.
live cam ottawa	Ottawa	Ontario	Canada	americas	🇨🇦	🍁	La capitale canadienne.
live cam halifax nova scotia	Halifax	Nouvelle-Écosse	Canada	americas	🇨🇦	⚓	Le port atlantique.
live cam victoria bc	Victoria	Colombie-Britannique	Canada	americas	🇨🇦	🌺	La capitale britannique.
live cam whistler	Whistler	Colombie-Britannique	Canada	americas	🇨🇦	⛷️	La station olympique.
live cam jasper alberta	Jasper	Alberta	Canada	americas	🇨🇦	🏞️	Le parc national de Jasper.
live cam churchill manitoba	Churchill	Manitoba	Canada	americas	🇨🇦	🐻‍❄️	La capitale des ours polaires.
live cam yukon canada	Yukon	Yukon	Canada	americas	🇨🇦	🌌	Les aurores yukonnaises.
live cam lima peru	Lima	Lima	Pérou	americas	🇵🇪	🌊	La capitale péruvienne.
live cam galapagos	Galápagos	Galápagos	Équateur	americas	🇪🇨	🐢	Les îles Darwin.
live cam quito ecuador	Quito	Quito	Équateur	americas	🇪🇨	🏔️	La capitale équatorienne.
live cam bogota	Bogotá	Bogotá	Colombie	americas	🇨🇴	🏙️	La capitale colombienne.
live cam cartagena	Carthagène	Carthagène	Colombie	americas	🇨🇴	🏰	La ville coloniale.
live cam caracas	Caracas	Caracas	Venezuela	americas	🇻🇪	🏙️	La capitale vénézuélienne.
live cam santiago chile	Santiago	Santiago	Chili	americas	🇨🇱	🏔️	La capitale chilienne.
live cam valparaiso	Valparaíso	Valparaíso	Chili	americas	🇨🇱	🎨	La ville des collines colorées.
live cam patagonia	Patagonie	Patagonie	Argentine	americas	🇦🇷	🏔️	Les paysages sauvages.
live cam torres del paine	Torres del Paine	Chili	Chili	americas	🇨🇱	🏔️	Le parc national patagon.
live cam easter island	Île de Pâques	Île de Pâques	Chili	americas	🇨🇱	🗿	Les Moaï mystérieux.
live cam mumbai beach	Mumbai Beach	Mumbai	Inde	asia	🇮🇳	🌊	Les plages de Mumbai.
live cam bangalore	Bangalore	Bangalore	Inde	asia	🇮🇳	🏙️	La Silicon Valley indienne.
live cam chennai	Chennai	Chennai	Inde	asia	🇮🇳	🌊	La capitale du Tamil Nadu.
live cam kolkata	Calcutta	Calcutta	Inde	asia	🇮🇳	🛕	L'ancienne capitale.
live cam rajasthan	Rajasthan	Rajasthan	Inde	asia	🇮🇳	🐪	Le désert du Thar.
live cam jaipur	Jaipur	Jaipur	Inde	asia	🇮🇳	🏰	La Ville rose.
live cam agra	Agra	Agra	Inde	asia	🇮🇳	🕌	La ville du Taj.
live cam kerala backwater	Kerala	Kerala	Inde	asia	🇮🇳	🚣	Les backwaters.
live cam colombo sri lanka	Colombo	Colombo	Sri Lanka	asia	🇱🇰	🌊	La capitale cingalaise.
live cam dhaka bangladesh	Dacca	Dacca	Bangladesh	asia	🇧🇩	🏙️	La capitale bengalie.
live cam yangon myanmar	Yangon	Yangon	Myanmar	asia	🇲🇲	🛕	L'ancienne Rangoun.
live cam vientiane	Vientiane	Vientiane	Laos	asia	🇱🇦	🛕	La capitale laotienne.
live cam phnom penh	Phnom Penh	Phnom Penh	Cambodge	asia	🇰🇭	🏛️	La capitale cambodgienne.
live cam borneo jungle	Bornéo	Bornéo	Malaisie	asia	🇲🇾	🦧	La jungle de Bornéo.
live cam bhutan	Bhoutan	Bhoutan	Bhoutan	asia	🇧🇹	🏯	Le royaume des monastères.
live cam ulaanbaatar	Oulan-Bator	Oulan-Bator	Mongolie	asia	🇲🇳	🐎	La capitale mongole.
live cam vladivostok	Vladivostok	Vladivostok	Russie	asia	🇷🇺	⚓	Le port russe du Pacifique.
live cam baikal lake	Lac Baïkal	Sibérie	Russie	asia	🇷🇺	❄️	Le lac le plus profond du monde.
live cam kamchatka	Kamtchatka	Kamtchatka	Russie	asia	🇷🇺	🌋	Les volcans russes.
live cam fuji japan webcam	Fuji 2	Honshu	Japon	asia	🇯🇵	🗻	Autre vue du Mont Fuji.
live cam yokohama	Yokohama	Yokohama	Japon	asia	🇯🇵	⚓	Le port de Yokohama.
live cam fukuoka	Fukuoka	Fukuoka	Japon	asia	🇯🇵	🏮	La ville de Kyushu.
live cam nara japan	Nara	Nara	Japon	asia	🇯🇵	🦌	La ville aux cerfs sacrés.
live cam kamakura	Kamakura	Kamakura	Japon	asia	🇯🇵	🗿	Le grand Bouddha.
live cam koh samui	Koh Samui	Koh Samui	Thaïlande	asia	🇹🇭	🏝️	L'île thaïlandaise.
live cam krabi thailand	Krabi	Krabi	Thaïlande	asia	🇹🇭	🏖️	Les pitons karstiques.
live cam chiang mai	Chiang Mai	Chiang Mai	Thaïlande	asia	🇹🇭	🛕	La rose du Nord.
live cam siargao surf	Siargao	Siargao	Philippines	asia	🇵🇭	🏄	L'île surf des Philippines.
live cam boracay beach	Boracay	Boracay	Philippines	asia	🇵🇭	🏝️	La plage White Beach.
live cam palawan	Palawan	Palawan	Philippines	asia	🇵🇭	🏝️	L'île aux mille merveilles.
live cam busan korea	Busan	Busan	Corée du Sud	asia	🇰🇷	🌊	La ville portuaire coréenne.
live cam jeju korea	Jeju	Jeju	Corée du Sud	asia	🇰🇷	🌋	L'île volcanique coréenne.
live cam shenzhen	Shenzhen	Shenzhen	Chine	asia	🇨🇳	🏙️	La Silicon Valley chinoise.
live cam chengdu panda	Chengdu	Chengdu	Chine	asia	🇨🇳	🐼	La base des pandas.
live cam xian terracotta	Xi'an	Xi'an	Chine	asia	🇨🇳	🏛️	L'armée de terre cuite.
live cam guilin	Guilin	Guilin	Chine	asia	🇨🇳	🏞️	Les paysages karstiques.
live cam macau	Macao	Macao	Chine	asia	🇲🇴	🎰	Le Las Vegas de l'Asie.
live cam istanbul grand bazaar	Grand Bazar	Istanbul	Turquie	asia	🇹🇷	🛍️	Le marché historique.
live cam antalya turkey	Antalya	Antalya	Turquie	asia	🇹🇷	🌊	La Riviera turque.
live cam cappadocia balloons	Cappadoce	Cappadoce	Turquie	asia	🇹🇷	🎈	Les montgolfières matinales.
live cam pamukkale	Pamukkale	Pamukkale	Turquie	asia	🇹🇷	💧	Le château de coton.
live cam ephesus	Éphèse	Éphèse	Turquie	asia	🇹🇷	🏛️	Le site antique.
live cam damascus	Damas	Damas	Syrie	asia	🇸🇾	🕌	L'antique capitale syrienne.
live cam amman jordan	Amman	Amman	Jordanie	asia	🇯🇴	🏛️	La capitale jordanienne.
live cam kuwait city	Koweït City	Koweït	Koweït	asia	🇰🇼	🏙️	La capitale koweïtienne.
live cam abu dhabi	Abu Dhabi	Abu Dhabi	UAE	asia	🇦🇪	🕌	La grande mosquée.
live cam muscat oman	Mascate	Mascate	Oman	asia	🇴🇲	⛵	La capitale omanaise.
live cam tehran	Téhéran	Téhéran	Iran	asia	🇮🇷	🏙️	La capitale iranienne.
live cam baku azerbaijan	Bakou	Bakou	Azerbaïdjan	asia	🇦🇿	🔥	La ville des tours de flamme.
live cam tbilisi georgia	Tbilissi	Tbilissi	Géorgie	asia	🇬🇪	🏰	La capitale géorgienne.
live cam yerevan armenia	Erevan	Erevan	Arménie	asia	🇦🇲	🏔️	La capitale arménienne.
live cam tashkent uzbekistan	Tachkent	Tachkent	Ouzbékistan	asia	🇺🇿	🕌	La capitale ouzbèke.
live cam samarkand	Samarcande	Samarcande	Ouzbékistan	asia	🇺🇿	🕌	La ville de la Route de la Soie.
live cam istanbul hagia sophia	Sainte-Sophie	Istanbul	Turquie	europe	🇹🇷	🕌	L'ancienne basilique byzantine.
live cam cairo nile	Le Caire	Le Caire	Égypte	africa	🇪🇬	🛶	Le Nil en direct.
live cam alexandria egypt	Alexandrie	Alexandrie	Égypte	africa	🇪🇬	🏛️	La ville méditerranéenne.
live cam luxor temple	Louxor	Louxor	Égypte	africa	🇪🇬	🏛️	Les temples pharaoniques.
live cam tunis tunisia	Tunis	Tunis	Tunisie	africa	🇹🇳	🕌	La capitale tunisienne.
live cam casablanca morocco	Casablanca	Casablanca	Maroc	africa	🇲🇦	🕌	La ville aux mille vagues.
live cam fes morocco	Fès	Fès	Maroc	africa	🇲🇦	🏛️	La capitale spirituelle.
live cam chefchaouen	Chefchaouen	Chefchaouen	Maroc	africa	🇲🇦	🏘️	La ville bleue.
live cam algiers algeria	Alger	Alger	Algérie	africa	🇩🇿	🏙️	La Blanche.
live cam johannesburg	Johannesburg	Johannesburg	Afrique du Sud	africa	🇿🇦	🏙️	La Cité d'Or.
live cam addo elephant	Parc Addo	Eastern Cape	Afrique du Sud	africa	🇿🇦	🐘	Le parc aux éléphants.
live cam okavango delta	Delta de l'Okavango	Botswana	Botswana	africa	🇧🇼	🦛	Le delta sauvage.
live cam etosha namibia	Etosha	Namibie	Namibie	africa	🇳🇦	🦒	Le parc namibien.
live cam namibia desert	Désert du Namib	Namibie	Namibie	africa	🇳🇦	🏜️	Les dunes rouges.
live cam sahara desert	Sahara	Sahara	Afrique du Nord	africa	🌍	🐪	Le plus grand désert.
live cam timbuktu	Tombouctou	Tombouctou	Mali	africa	🇲🇱	🕌	La ville légendaire.
live cam accra ghana	Accra	Accra	Ghana	africa	🇬🇭	🏙️	La capitale ghanéenne.
live cam kigali rwanda	Kigali	Kigali	Rwanda	africa	🇷🇼	🏙️	La capitale rwandaise.
live cam kilimanjaro	Kilimandjaro	Tanzanie	Tanzanie	africa	🇹🇿	🏔️	Le toit de l'Afrique.
live cam mauritius coast	Maurice côte	Île Maurice	Maurice	africa	🇲🇺	🌊	La côte mauricienne.
live cam reunion island	La Réunion	La Réunion	France	africa	🇷🇪	🌋	L'île volcanique française.
live cam comoros	Comores	Comores	Comores	africa	🇰🇲	🏝️	L'archipel des Comores.
live cam mozambique beach	Mozambique	Mozambique	Mozambique	africa	🇲🇿	🏖️	Les plages mozambicaines.
live cam lake malawi	Lac Malawi	Malawi	Malawi	africa	🇲🇼	💧	Le lac-mer africain.
live cam mauritius underwater	Maurice sous-marine	Île Maurice	Maurice	africa	🇲🇺	🐠	La faune marine.
live cam great white shark	Grand requin blanc	Afrique du Sud	Afrique du Sud	nature	🇿🇦	🦈	Les grands blancs en direct.
live cam manta ray	Raie manta	Océan	Monde	nature	🌊	🪶	Les raies mantas.
live cam whale watching	Baleines	Océan	Monde	nature	🌊	🐋	L'observation des baleines.
live cam seal colony	Colonie de phoques	Côte	Monde	nature	🌊	🦭	Les phoques en colonie.
live cam sloth	Paresseux	Costa Rica	Costa Rica	nature	🇨🇷	🦥	Les paresseux en direct.
live cam monkey troop	Singes	Jungle	Monde	nature	🌴	🐒	Les singes sauvages.
live cam giant panda live	Pandas Chine	Chengdu	Chine	nature	🇨🇳	🐼	Les pandas chinois.
live cam red panda live	Panda roux	Zoo	Monde	nature	🌍	🦝	Le petit panda.
live cam alligator farm	Ferme d'alligators	Floride	USA	nature	🇺🇸	🐊	Les alligators floridiens.
live cam crocodile	Crocodiles	Afrique	Afrique	nature	🌍	🐊	Les crocs du Nil.
live cam iguana	Iguanes	Amérique centrale	Costa Rica	nature	🇨🇷	🦎	Les iguanes tropicaux.
live cam tiger den	Tigres	Inde	Inde	nature	🇮🇳	🐅	Les tigres du Bengale.
live cam lion pride	Lions	Afrique	Afrique	nature	🦁	🦁	La troupe de lions.
live cam cheetah	Guépards	Afrique	Afrique	nature	🌍	🐆	Les guépards en chasse.
live cam rhino	Rhinocéros	Afrique	Afrique du Sud	nature	🇿🇦	🦏	Les rhinos menacés.
live cam hippo pool	Hippos	Afrique	Afrique	nature	🌍	🦛	Les hippos dans l'eau.
live cam zebra herd	Zèbres	Savane	Afrique	nature	🌍	🦓	La harde de zèbres.
live cam wildebeest	Gnous	Serengeti	Tanzanie	nature	🇹🇿	🐃	La grande migration.
live cam chimpanzee	Chimpanzés	Afrique	Afrique	nature	🌍	🐒	Nos cousins primates.
live cam orangutan	Orang-outans	Bornéo	Indonésie	nature	🇮🇩	🦧	Les hommes de la forêt.
live cam elephant herd	Troupeau éléphants	Afrique	Afrique	nature	🌍	🐘	Les pachydermes en troupeau.
live cam elephant sanctuary	Sanctuaire éléphants	Thaïlande	Thaïlande	nature	🇹🇭	🐘	La protection des éléphants.
live cam dolphin cove	Dauphins	Baie	Monde	nature	🌊	🐬	Les dauphins dans leur baie.
live cam clownfish	Poissons clown	Récif	Monde	nature	🌊	🐠	Les Nemos en direct.
live cam sea turtle	Tortues marines	Océan	Monde	nature	🌊	🐢	Les tortues de mer.
live cam seagull	Mouettes	Côte	Monde	nature	🌊	🪶	Les mouettes en vol.
live cam albatross	Albatros	Océan	Monde	nature	🌊	🪶	Le plus grand oiseau de mer.
live cam condor andes	Condors des Andes	Andes	Amérique	americas	🦅	🦅	Les condors sauvages.
live cam spring migration	Migration	—	USA	nature	🇺🇸	🪶	La migration printanière.
live cam storm chasing	Chasse aux tempêtes	Kansas	USA	nature	🇺🇸	⛈️	Les tornades des plaines.
live cam weather radar	Radar météo	USA	USA	nature	🇺🇸	🌩️	La météo en direct.
live cam hurricane	Ouragan	Atlantique	USA	nature	🇺🇸	🌀	Les ouragans atlantiques.
live cam international space station	ISS vue	Orbite	NASA	space	🌍	🛰️	La Terre depuis l'ISS.
live cam space station earth	ISS Earth	Orbite	NASA	space	🌍	🌎	Vue extérieure de la station.
live cam james webb	James Webb	Espace	NASA	space	🔭	🌌	Les images du télescope.
live cam hubble telescope	Hubble	Espace	NASA	space	🔭	🌟	Le télescope historique.
live cam meteor shower	Pluie de météores	Ciel	Monde	space	🌠	✨	Les étoiles filantes.
live cam lunar	Lune en direct	Orbite	NASA	space	🌙	🌕	La Lune observée.
live cam telescope observatory	Observatoire	Hawaï	USA	space	🇺🇸	🔭	Le télescope de Mauna Kea.
live cam aurora finland sky	Aurores Finlande	Laponie	Finlande	nature	🇫🇮	🌌	Les aurores finlandaises.
live cam aurora norway sky	Aurores Norvège	Tromsø	Norvège	nature	🇳🇴	🌌	Les aurores norvégiennes.
live cam aurora alaska	Aurores Alaska	Fairbanks	USA	nature	🇺🇸	🌌	Les northern lights alaskiennes.
live cam zermatt gornergrat	Gornergrat	Zermatt	Suisse	europe	🇨🇭	🏔️	Vue sur le Cervin.
live cam jungfrau switzerland	Jungfrau	Suisse	Suisse	europe	🇨🇭	🏔️	Le sommet alpin.
live cam davos switzerland	Davos	Davos	Suisse	europe	🇨🇭	⛷️	La station du forum.
live cam verbier	Verbier	Verbier	Suisse	europe	🇨🇭	⛷️	La station des 4 Vallées.
live cam chamonix aiguille du midi	Aiguille du Midi	Chamonix	France	europe	🇫🇷	🏔️	La vue sur le Mont Blanc.
live cam megeve	Megève	Megève	France	europe	🇫🇷	⛷️	La station chic.
live cam val thorens	Val Thorens	Val Thorens	France	europe	🇫🇷	⛷️	La station la plus haute d'Europe.
live cam les 3 vallees	Les 3 Vallées	Savoie	France	europe	🇫🇷	⛷️	Le plus grand domaine skiable.
live cam dolomites italy	Dolomites	Dolomites	Italie	europe	🇮🇹	🏔️	Les montagnes italiennes.
live cam lake garda	Lac de Garde	Italie	Italie	europe	🇮🇹	🏞️	Le plus grand lac italien.
live cam lake maggiore	Lac Majeur	Italie	Italie	europe	🇮🇹	🏞️	Le lac italo-suisse.
live cam verona	Vérone	Vérone	Italie	europe	🇮🇹	💘	La ville de Roméo et Juliette.
live cam bologna	Bologne	Bologne	Italie	europe	🇮🇹	🍝	La grasse et la docte.
live cam turin italy	Turin	Turin	Italie	europe	🇮🇹	🏔️	La capitale du Piémont.
live cam genoa	Gênes	Gênes	Italie	europe	🇮🇹	⚓	Le port ligure.
live cam pisa leaning tower	Pise	Pise	Italie	europe	🇮🇹	🗼	La tour penchée.
live cam siena italy	Sienne	Sienne	Italie	europe	🇮🇹	🐎	La ville du Palio.
live cam san gimignano	San Gimignano	Toscane	Italie	europe	🇮🇹	🏰	Les tours médiévales.
live cam assisi	Assise	Assise	Italie	europe	🇮🇹	⛪	La ville de Saint François.
live cam sorrento italy	Sorrente	Sorrente	Italie	europe	🇮🇹	🌊	La ville d'Enrico Caruso.
live cam taormina sicily	Taormine	Sicile	Italie	europe	🇮🇹	🏛️	Le théâtre grec.
live cam palermo sicily	Palerme	Palerme	Italie	europe	🇮🇹	🏛️	La capitale sicilienne.
live cam sardinia beach	Sardaigne	Sardaigne	Italie	europe	🇮🇹	🏖️	Les plages émeraude.
